{
  "men": {
    "Road HM": [
      9.469710951061014E-5,
      -1.3521892901331114,
      4827.020676429092
    ],
    "5000m": [
      0.002777997945427213,
      -8.000608112196687,
      5760.418712362531
    ],
    "300m": [
      1.8296570247447335,
      -209.30430382250051,
      5985.805789959268
    ],
    "200m": [
      5.083329625804254,
      -360.8260380705033,
      6403.154333221377
    ],
    "55mH": [
      30.085307708674918,
      -803.1373763838637,
      5359.772393310966
    ],
    "60mH": [
      23.916231718984818,
      -698.1937268964539,
      5095.479315056291
    ],
    "50mH": [
      27.41182627032049,
      -726.5120697133789,
      4719.283643435643
    ],
    "400m": [
      1.0210130425695638,
      -161.3092238081408,
      6371.289298935095
    ],
    "Mile sh": [
      0.036900007414912395,
      -30.626657725760197,
      6354.958031052956
    ],
    "600m": [
      0.3856992283143512,
      -99.89240864996827,
      6467.788691627793
    ],
    "10000m": [
      5.239994429364625E-4,
      -3.3011925260043427,
      5199.371486475808
    ],
    "3000m sh": [
      0.00832191917227365,
      -13.980775520668885,
      5871.90250552597
    ],
    "800m sh": [
      0.19739256108073278,
      -72.63927638712084,
      6682.6879602972185
    ],
    "50m": [
      95.82235385745662,
      -1763.0165325322305,
      8108.971505376976
    ],
    "500m": [
      0.585027774798931,
      -121.67863906127604,
      6326.92802974442
    ],
    "Road 10 Miles": [
      1.8524985210266465E-4,
      -1.9447905029914807,
      5104.302716247388
    ],
    "100m": [
      24.642211664166098,
      -837.7135408530303,
      7119.3125116789015
    ],
    "Road 15 km": [
      2.1619813224982992E-4,
      -2.104692144502337,
      5122.29998515785
    ],
    "500m sh": [
      0.5649713205833109,
      -119.76970949143652,
      6347.5570185079705
    ],
    "110mH": [
      7.1470227474935655,
      -375.8846820439139,
      4920.401710892969
    ],
    "Road 100 km": [
      1.7649869023559175E-6,
      -0.17155533952055002,
      4168.759475629777
    ],
    "400mH": [
      0.5459888468067362,
      -104.2787780128183,
      4979.068748674414
    ],
    "300m sh": [
      1.802963929735995,
      -209.12735993028036,
      6064.19838705298
    ],
    "2 Miles": [
      0.007029988518363783,
      -12.721403001585259,
      5755.13271902001
    ],
    "2000m SC": [
      0.010229985822021836,
      -13.503484790678613,
      4456.117711582512
    ],
    "400m sh": [
      0.9810285010226494,
      -158.13093544779986,
      6372.245446830289
    ],
    "3000m SC": [
      0.0043159973458793965,
      -8.804593368752649,
      4490.321079731511
    ],
    "1500m": [
      0.04065992529984008,
      -31.307736299477256,
      6026.662254345021
    ],
    "Road 30 km": [
      4.1899103628650555E-5,
      -0.8882236041678482,
      4707.383289585705
    ],
    "55m": [
      78.9227608844667,
      -1578.3239369830117,
      7890.637076645042
    ],
    "1500m sh": [
      0.041999988506264074,
      -32.423575703958704,
      6257.669581143418
    ],
    "3000m": [
      0.008150049932713843,
      -13.691983542337312,
      5750.59246378555
    ],
    "Road 5 km": [
      0.0027791125913787518,
      -8.002589936962636,
      5760.829724426498
    ],
    "60m": [
      68.62032200155772,
      -1468.376079820242,
      7854.923996115336
    ],
    "1000m sh": [
      0.11389778654137217,
      -54.670029751952825,
      6560.289996561711
    ],
    "800m": [
      0.1980049254166545,
      -72.07136038821409,
      6558.28160300618
    ],
    "1000m": [
      0.11229987246056083,
      -53.34129687676432,
      6334.142779359594
    ],
    "Road 20 km": [
      1.0849945387967144E-4,
      -1.4544357631051241,
      4874.178186156554
    ],
    "200m sh": [
      5.0428984333116205,
      -363.0051678271411,
      6532.672628951492
    ],
    "Road Marathon": [
      2.0101186255287035E-5,
      -0.6150659606552438,
      4705.042285787989
    ],
    "2000m": [
      0.02181003181267993,
      -23.03116782160032,
      6080.168871850823
    ],
    "5000m sh": [
      0.002900003148620267,
      -8.351976844926412,
      6013.40053571912
    ],
    "Mile": [
      0.035099677603458446,
      -29.132456259137143,
      6044.924547011615
    ],
    "2000m sh": [
      0.022600003526984658,
      -23.865373073726005,
      6300.3976437979145
    ],
    "Road 10 km": [
      5.243835511893474E-4,
      -3.302659028227424,
      5200.274036400777
    ],
    "Road 25 km": [
      6.380128595110182E-5,
      -1.102413160310192,
      4762.120081442874
    ],
    "600m sh": [
      0.3899861152610953,
      -102.17335025475768,
      6692.146447579609
    ],
    "2 Miles sh": [
      0.007209969187584653,
      -13.078823619347986,
      5931.217870712513
    ],
    "Road Mile": [
      0.035099677603458446,
      -29.132456259137143,
      6044.924547011615
    ]
  },
  "women": {
    "Road HM": [
      2.5960366893742386E-5,
      -0.5606107770831628,
      3026.587224518895
    ],
    "5000m": [
      8.079992470730324E-4,
      -3.3935897885437782,
      3563.2616780022654
    ],
    "300m": [
      0.6999743364017235,
      -107.79032021608691,
      4149.692833384965
    ],
    "200m": [
      2.2422237149162925,
      -204.01464451534775,
      4640.727341804304
    ],
    "55mH": [
      13.198221547797402,
      -443.3395456766666,
      3722.9474163894774
    ],
    "60mH": [
      11.16828188896136,
      -406.39148481091615,
      3696.9522386075114
    ],
    "50mH": [
      16.212665326054548,
      -495.9578685610686,
      3792.827532194031
    ],
    "400m": [
      0.3350059758445596,
      -73.6974469594461,
      4053.1545244171575
    ],
    "Mile sh": [
      0.011540015186639607,
      -13.513232952897397,
      3955.963356088527
    ],
    "600m": [
      0.1290024817337887,
      -46.439367295225566,
      4179.4139537496085
    ],
    "10000m": [
      1.712000450308747E-4,
      -1.5407985033832432,
      3466.7925173026015
    ],
    "3000m sh": [
      0.002590000537161685,
      -6.215973858107134,
      3729.5683351015323
    ],
    "800m sh": [
      0.05719995663858857,
      -30.201001015322618,
      3986.4574604244845
    ],
    "50m": [
      33.046243452504314,
      -799.5823293340509,
      4836.413712938258
    ],
    "500m": [
      0.1875992157997608,
      -54.58957565931178,
      3971.259245572466
    ],
    "Road 10 Miles": [
      5.0161458530027705E-5,
      -0.7928929030433878,
      3133.291096993169
    ],
    "100m": [
      9.927426450685289,
      -436.6751262119069,
      4802.020943877404
    ],
    "Road 15 km": [
      5.950169956620444E-5,
      -0.8673501034970386,
      3160.8202295460505
    ],
    "500m sh": [
      0.17139835836097816,
      -51.58928019804989,
      3881.97389184442
    ],
    "Road 100 km": [
      8.73997733214654E-7,
      -0.10697653743886448,
      3273.457442281433
    ],
    "400mH": [
      0.20856495718486912,
      -54.2249062108549,
      3524.488878249118
    ],
    "300m sh": [
      0.6595068053519668,
      -104.1948510278562,
      4115.419602857961
    ],
    "2 Miles": [
      0.0021569982582902714,
      -5.592213856668138,
      3624.5803229979647
    ],
    "2000m SC": [
      0.003635987799696705,
      -6.777453730493733,
      3158.2797230951983
    ],
    "400m sh": [
      0.32239778088712256,
      -72.2140857003651,
      4043.8163995789655
    ],
    "3000m SC": [
      0.0013229981350130343,
      -3.99544233512367,
      3016.5498521791887
    ],
    "1500m": [
      0.01339999627048627,
      -14.471861176560651,
      3907.3655835949467
    ],
    "Road 30 km": [
      1.1779975715341595E-5,
      -0.3760051889530356,
      3000.427789900161
    ],
    "55m": [
      27.69222698350768,
      -728.2024319005941,
      4786.948624048266
    ],